,playerID,yearID,LastOfteamID,nameFirst,nameLast,G,H,AB,HR,RBI,SB,R,2B,3B,CS,BB,SO,IBB,HBP,SH,SF,G_p,G_c,G_1b,G_2b,G_3b,G_ss,G_lf,G_cf,G_rf,G_of,G_dh,prim_pos,other_pos,BA,OBP,1B,SLG,OPS,BA_Scaled,HR_Scaled,R_Scaled,RBI_Scaled,SB_Scaled,Penalty,AdjStars
1192,doziebr01,2016,MIN,Brian,Dozier,155.0,165.0,615.0,42.0,99.0,18.0,104.0,35.0,5.0,2.0,61.0,138.0,6.0,8.0,2.0,5,0.0,0.0,0.0,151.0,0.0,0.0,0.0,0.0,0.0,0.0,2.0,2b,['2b'],0.2682926829268293,0.33962264150943394,83.0,0.5463414634146342,0.8859641049240681,0.4024390243902439,0.8936170212765957,0.8455284552845529,0.7443609022556391,0.2903225806451613,1.0,3.1762679838521928
92,altuvjo01,2016,HOU,Jose,Altuve,161.0,216.0,640.0,24.0,96.0,30.0,108.0,42.0,5.0,10.0,60.0,70.0,11.0,7.0,3.0,7,0.0,0.0,0.0,148.0,0.0,1.0,0.0,0.0,0.0,0.0,13.0,2b,"['2b', 'dh']",0.3375,0.3963585434173669,145.0,0.53125,0.9276085434173669,0.5062500000000001,0.5106382978723404,0.8780487804878049,0.7218045112781954,0.4838709677419355,1.0,3.100612557380276
4853,villajo01,2016,MIL,Jonathan,Villar,156.0,168.0,589.0,19.0,63.0,62.0,92.0,38.0,3.0,18.0,79.0,174.0,4.0,2.0,5.0,4,0.0,0.0,0.0,11.0,42.0,108.0,0.0,0.0,0.0,0.0,0.0,ss,"['2b', '3b', 'ss']",0.28522920203735147,0.3694362017804154,108.0,0.4567062818336163,0.8261424836140316,0.4278438030560272,0.40425531914893614,0.7479674796747967,0.47368421052631576,1.0,1.0,3.0537508124060757
636,canoro01,2016,SEA,Robinson,Cano,161.0,195.0,655.0,39.0,103.0,0.0,107.0,33.0,2.0,1.0,47.0,100.0,8.0,8.0,0.0,5,0.0,0.0,0.0,157.0,0.0,0.0,0.0,0.0,0.0,0.0,5.0,2b,['2b'],0.29770992366412213,0.34965034965034963,121.0,0.5328244274809161,0.8824747771312658,0.44656488549618323,0.8297872340425532,0.8699186991869918,0.7744360902255639,0.0,1.0,2.920706908951292
2480,kinslia01,2016,DET,Ian,Kinsler,153.0,178.0,618.0,28.0,83.0,14.0,117.0,29.0,4.0,6.0,45.0,115.0,0.0,13.0,0.0,3,0.0,0.0,0.0,151.0,0.0,0.0,0.0,0.0,0.0,0.0,1.0,2b,['2b'],0.28802588996763756,0.3475699558173785,117.0,0.48381877022653724,0.8313887260439157,0.43203883495145634,0.5957446808510638,0.9512195121951219,0.6240601503759399,0.22580645161290322,1.0,2.828869629986485
4333,segurje01,2016,ARI,Jean,Segura,153.0,203.0,637.0,20.0,64.0,33.0,102.0,41.0,7.0,10.0,39.0,101.0,1.0,12.0,4.0,2,0.0,0.0,0.0,142.0,0.0,23.0,0.0,0.0,0.0,0.0,0.0,2b,"['2b', 'ss']",0.31868131868131866,0.3681159420289855,135.0,0.49921507064364207,0.8673310126726276,0.478021978021978,0.425531914893617,0.8292682926829268,0.48120300751879697,0.532258064516129,1.0,2.746283257633448
3325,odorro01,2016,TEX,Rougned,Odor,150.0,164.0,605.0,33.0,88.0,14.0,89.0,33.0,4.0,7.0,19.0,135.0,0.0,4.0,0.0,4,0.0,0.0,0.0,146.0,0.0,0.0,0.0,0.0,0.0,0.0,3.0,2b,['2b'],0.27107438016528923,0.2958860759493671,94.0,0.5024793388429752,0.7983654147923424,0.4066115702479339,0.7021276595744681,0.7235772357723578,0.6616541353383458,0.22580645161290322,1.0,2.719777052546009
3178,murphda08,2016,WAS,Daniel,Murphy,142.0,184.0,531.0,25.0,104.0,5.0,88.0,47.0,5.0,3.0,35.0,57.0,10.0,8.0,0.0,8,0.0,0.0,21.0,117.0,1.0,0.0,0.0,0.0,0.0,0.0,1.0,2b,"['1b', '2b']",0.3465160075329567,0.3900343642611684,107.0,0.5951035781544256,0.9851379424155939,0.5197740112994351,0.5319148936170213,0.7154471544715447,0.7819548872180451,0.08064516129032258,1.0,2.6297361078963686
2492,kipnija01,2016,CLE,Jason,Kipnis,156.0,168.0,610.0,23.0,82.0,15.0,91.0,41.0,4.0,3.0,60.0,146.0,0.0,6.0,5.0,7,0.0,0.0,0.0,151.0,0.0,0.0,0.0,0.0,0.0,0.0,4.0,2b,['2b'],0.2754098360655738,0.34260614934114203,100.0,0.46885245901639344,0.8114586083575355,0.4131147540983607,0.48936170212765956,0.7398373983739838,0.6165413533834586,0.24193548387096775,1.0,2.500790691854431
3502,pedrodu01,2016,BOS,Dustin,Pedroia,154.0,201.0,633.0,15.0,74.0,7.0,105.0,36.0,1.0,4.0,61.0,73.0,0.0,0.0,1.0,3,0.0,0.0,0.0,152.0,0.0,0.0,0.0,0.0,0.0,0.0,0.0,2b,['2b'],0.3175355450236967,0.37589670014347204,149.0,0.4486571879936809,0.8245538881371529,0.47630331753554506,0.3191489361702128,0.8536585365853658,0.556390977443609,0.11290322580645161,1.0,2.318404993541184
2604,lemahdj01,2016,COL,DJ,LeMahieu,146.0,192.0,552.0,11.0,66.0,11.0,104.0,32.0,8.0,7.0,66.0,80.0,2.0,3.0,8.0,6,0.0,0.0,0.0,146.0,0.0,0.0,0.0,0.0,0.0,0.0,0.0,2b,['2b'],0.34782608695652173,0.41626794258373206,141.0,0.4945652173913043,0.9108331599750363,0.5217391304347826,0.23404255319148937,0.8455284552845529,0.49624060150375937,0.1774193548387097,1.0,2.274970095253294
4300,schoojo01,2016,BAL,Jonathan,Schoop,162.0,164.0,615.0,25.0,82.0,1.0,82.0,38.0,1.0,2.0,21.0,137.0,0.0,8.0,0.0,3,0.0,0.0,0.0,162.0,0.0,0.0,0.0,0.0,0.0,0.0,0.0,2b,['2b'],0.26666666666666666,0.2982998454404946,100.0,0.45365853658536587,0.7519583820258604,0.4,0.5319148936170213,0.6666666666666666,0.6165413533834586,0.016129032258064516,1.0,2.231251945925211
5137,zobribe01,2016,CHN,Ben,Zobrist,147.0,142.0,523.0,18.0,76.0,6.0,94.0,31.0,3.0,4.0,96.0,82.0,6.0,4.0,4.0,4,0.0,0.0,1.0,119.0,0.0,1.0,27.0,0.0,24.0,46.0,0.0,2b,"['2b', 'lf', 'rf', 'of']",0.27151051625239003,0.38596491228070173,90.0,0.44550669216061184,0.8314716044413135,0.4072657743785851,0.3829787234042553,0.7642276422764228,0.5714285714285714,0.0967741935483871,1.0,2.2226749050362216
3571,perezhe01,2016,MIL,Hernan,Perez,123.0,110.0,404.0,13.0,56.0,34.0,50.0,18.0,3.0,7.0,18.0,94.0,0.0,1.0,3.0,4,0.0,0.0,6.0,11.0,60.0,3.0,2.0,8.0,36.0,46.0,0.0,3b,"['2b', '3b', 'rf', 'of']",0.2722772277227723,0.30210772833723654,76.0,0.4282178217821782,0.7303255501194148,0.40841584158415845,0.2765957446808511,0.4065040650406504,0.42105263157894735,0.5483870967741935,1.0,2.0609553796588007
4753,turnetr01,2016,WAS,Trea,Turner,73.0,105.0,307.0,13.0,40.0,33.0,53.0,14.0,8.0,6.0,14.0,59.0,0.0,1.0,0.0,2,0.0,0.0,0.0,30.0,0.0,2.0,0.0,45.0,0.0,45.0,0.0,cf,"['2b', 'cf', 'of']",0.34201954397394135,0.37037037037037035,70.0,0.5667752442996743,0.9371456146700446,0.5130293159609121,0.2765957446808511,0.43089430894308944,0.3007518796992481,0.532258064516129,1.0,2.0535293138002295
656,carpema01,2016,SLN,Matt,Carpenter,129.0,128.0,473.0,21.0,68.0,0.0,81.0,36.0,6.0,4.0,81.0,108.0,6.0,5.0,3.0,4,0.0,0.0,45.0,40.0,54.0,0.0,0.0,0.0,0.0,0.0,1.0,3b,"['1b', '2b', '3b']",0.27061310782241016,0.38010657193605685,65.0,0.5052854122621564,0.8853919841982132,0.40591966173361527,0.44680851063829785,0.6585365853658537,0.5112781954887218,0.0,1.0,2.0225429532264885
3632,phillbr01,2016,CIN,Brandon,Phillips,141.0,160.0,550.0,11.0,64.0,14.0,74.0,34.0,1.0,8.0,18.0,68.0,3.0,8.0,2.0,6,0.0,0.0,0.0,138.0,0.0,0.0,0.0,0.0,0.0,0.0,3.0,2b,['2b'],0.2909090909090909,0.31958762886597936,114.0,0.4163636363636364,0.7359512652296157,0.43636363636363634,0.23404255319148937,0.6016260162601627,0.48120300751879697,0.22580645161290322,1.0,1.9790416649469886
715,castrst01,2016,NYA,Starlin,Castro,151.0,156.0,577.0,21.0,70.0,4.0,63.0,29.0,1.0,0.0,24.0,118.0,1.0,3.0,1.0,5,0.0,0.0,0.0,150.0,0.0,3.0,0.0,0.0,0.0,0.0,0.0,2b,['2b'],0.2703639514731369,0.30049261083743845,105.0,0.43327556325823224,0.7337681740956707,0.4055459272097054,0.44680851063829785,0.5121951219512195,0.5263157894736842,0.06451612903225806,1.0,1.9553814783051648
1483,forsylo01,2016,TBA,Logan,Forsythe,127.0,135.0,511.0,20.0,52.0,6.0,76.0,24.0,4.0,6.0,46.0,127.0,0.0,8.0,0.0,2,0.0,0.0,0.0,118.0,0.0,0.0,0.0,0.0,0.0,0.0,7.0,2b,['2b'],0.26418786692759294,0.3333333333333333,87.0,0.44422700587084146,0.7775603392041748,0.39628180039138944,0.425531914893617,0.6178861788617886,0.39097744360902253,0.0967741935483871,1.0,1.9274515313042047
1904,gyorkje01,2016,SLN,Jedd,Gyorko,128.0,97.0,400.0,30.0,59.0,0.0,58.0,9.0,1.0,0.0,37.0,96.0,1.0,0.0,0.0,1,0.0,0.0,11.0,46.0,39.0,26.0,0.0,0.0,0.0,0.0,0.0,2b,"['1b', '2b', '3b', 'ss']",0.2425,0.3059360730593607,57.0,0.495,0.8009360730593607,0.36375,0.6382978723404256,0.4715447154471545,0.44360902255639095,0.0,1.0,1.9172016103439709
4905,walkene01,2016,NYN,Neil,Walker,113.0,116.0,412.0,23.0,55.0,3.0,57.0,9.0,1.0,1.0,42.0,84.0,3.0,1.0,0.0,3,0.0,0.0,0.0,111.0,0.0,0.0,0.0,0.0,0.0,0.0,0.0,2b,['2b'],0.2815533980582524,0.3471615720524017,83.0,0.47572815533980584,0.8228897273922076,0.4223300970873786,0.48936170212765956,0.4634146341463415,0.41353383458646614,0.04838709677419355,1.0,1.8370273647220394
215,baezja01,2016,CHN,Javier,Baez,142.0,115.0,421.0,14.0,59.0,12.0,50.0,19.0,1.0,3.0,15.0,108.0,3.0,11.0,1.0,2,0.0,0.0,6.0,59.0,62.0,25.0,2.0,0.0,0.0,2.0,0.0,3b,"['2b', '3b', 'ss']",0.27315914489311166,0.31403118040089084,81.0,0.42280285035629456,0.7368340307571855,0.4097387173396675,0.2978723404255319,0.4065040650406504,0.44360902255639095,0.1935483870967742,1.0,1.7512725324590148
4456,solarya01,2016,SDN,Yangervis,Solarte,109.0,116.0,405.0,15.0,71.0,1.0,55.0,26.0,1.0,1.0,30.0,63.0,1.0,5.0,0.0,3,0.0,0.0,2.0,15.0,95.0,0.0,0.0,0.0,0.0,0.0,0.0,3b,"['2b', '3b']",0.28641975308641976,0.34085778781038373,74.0,0.4666666666666667,0.8075244544770503,0.42962962962962964,0.3191489361702128,0.44715447154471544,0.5338345864661654,0.016129032258064516,1.0,1.7458966560687879
4788,utleych01,2016,LAN,Chase,Utley,138.0,129.0,512.0,14.0,52.0,2.0,79.0,26.0,3.0,2.0,40.0,115.0,1.0,11.0,1.0,1,0.0,0.0,0.0,134.0,1.0,0.0,0.0,0.0,0.0,0.0,0.0,2b,['2b'],0.251953125,0.3191489361702128,86.0,0.396484375,0.7156333111702128,0.3779296875,0.2978723404255319,0.6422764227642277,0.39097744360902253,0.03225806451612903,1.0,1.7413139588149111
1974,harrijo05,2016,PIT,Josh,Harrison,131.0,138.0,487.0,4.0,59.0,19.0,57.0,25.0,7.0,4.0,18.0,76.0,0.0,5.0,4.0,8,0.0,0.0,0.0,128.0,0.0,0.0,0.0,0.0,1.0,1.0,0.0,2b,['2b'],0.28336755646817247,0.3108108108108108,102.0,0.38809034907597534,0.6989011598867861,0.4250513347022587,0.0851063829787234,0.4634146341463415,0.44360902255639095,0.3064516129032258,1.0,1.7236329872869403
1639,gennesc01,2016,MIL,Scooter,Gennett,136.0,131.0,498.0,14.0,56.0,8.0,58.0,30.0,1.0,1.0,38.0,114.0,1.0,2.0,1.0,2,0.0,0.0,0.0,127.0,0.0,0.0,0.0,0.0,0.0,0.0,1.0,2b,['2b'],0.26305220883534136,0.31666666666666665,86.0,0.41164658634538154,0.7283132530120482,0.39457831325301207,0.2978723404255319,0.4715447154471545,0.42105263157894735,0.12903225806451613,1.0,1.7140802587691617
1752,gonzama01,2016,HOU,Marwin,Gonzalez,141.0,123.0,484.0,13.0,51.0,12.0,55.0,26.0,3.0,6.0,22.0,118.0,1.0,5.0,6.0,1,0.0,0.0,92.0,14.0,22.0,11.0,18.0,1.0,0.0,19.0,3.0,1b,"['1b', '2b', '3b', 'ss', 'lf', 'of']",0.25413223140495866,0.29296875,81.0,0.40082644628099173,0.6937951962809917,0.381198347107438,0.2765957446808511,0.44715447154471544,0.38345864661654133,0.1935483870967742,1.0,1.68195559704632
2046,hernace02,2016,PHI,Cesar,Hernandez,155.0,161.0,547.0,6.0,39.0,17.0,67.0,14.0,11.0,13.0,66.0,116.0,4.0,2.0,5.0,2,0.0,0.0,0.0,149.0,0.0,4.0,0.0,0.0,0.0,0.0,0.0,2b,['2b'],0.2943327239488117,0.3711507293354943,130.0,0.3930530164533821,0.7642037457888764,0.44149908592321757,0.1276595744680851,0.5447154471544715,0.2932330827067669,0.27419354838709675,1.0,1.6813007386396377
3417,panikjo01,2016,SFN,Joe,Panik,127.0,111.0,464.0,10.0,62.0,5.0,67.0,21.0,7.0,0.0,50.0,47.0,5.0,4.0,3.0,5,0.0,0.0,0.0,126.0,0.0,0.0,0.0,0.0,0.0,0.0,0.0,2b,['2b'],0.23922413793103448,0.3154875717017208,73.0,0.3793103448275862,0.694797916529307,0.3588362068965517,0.2127659574468085,0.5447154471544715,0.46616541353383456,0.08064516129032258,1.0,1.6631281863219889
1211,drurybr01,2016,ARI,Brandon,Drury,134.0,130.0,461.0,16.0,53.0,1.0,59.0,31.0,1.0,1.0,31.0,100.0,2.0,3.0,0.0,4,0.0,0.0,1.0,16.0,29.0,0.0,62.0,0.0,32.0,89.0,0.0,of,"['2b', '3b', 'lf', 'rf', 'of']",0.28199566160520606,0.3286573146292585,82.0,0.45770065075921906,0.7863579653884776,0.4229934924078091,0.3404255319148936,0.4796747967479675,0.39849624060150374,0.016129032258064516,1.0,1.6577190939302384
4008,rodrise01,2016,PIT,Sean,Rodriguez,140.0,81.0,300.0,18.0,56.0,2.0,49.0,16.0,1.0,1.0,33.0,102.0,2.0,5.0,1.0,3,0.0,0.0,57.0,29.0,11.0,27.0,10.0,5.0,17.0,32.0,0.0,1b,"['1b', '2b', '3b', 'ss', 'lf', 'rf', 'of']",0.27,0.3489736070381232,46.0,0.51,0.8589736070381232,0.405,0.3829787234042553,0.3983739837398374,0.42105263157894735,0.03225806451612903,1.0,1.639663403239169
4704,travide01,2016,TOR,Devon,Travis,101.0,123.0,410.0,11.0,50.0,4.0,54.0,28.0,1.0,1.0,20.0,87.0,0.0,0.0,1.0,1,0.0,0.0,0.0,99.0,0.0,0.0,0.0,0.0,0.0,0.0,3.0,2b,['2b'],0.3,0.33178654292343385,83.0,0.45365853658536587,0.7854450795087997,0.45,0.23404255319148937,0.43902439024390244,0.37593984962406013,0.06451612903225806,1.0,1.5635229220917097
2439,kendrho01,2016,LAN,Howie,Kendrick,146.0,124.0,487.0,8.0,40.0,10.0,65.0,26.0,2.0,2.0,50.0,96.0,2.0,3.0,0.0,3,0.0,0.0,11.0,32.0,17.0,0.0,94.0,0.0,0.0,94.0,1.0,lf,"['1b', '2b', '3b', 'lf', 'of']",0.2546201232032854,0.3259668508287293,88.0,0.3655030800821355,0.6914699309108647,0.38193018480492813,0.1702127659574468,0.5284552845528455,0.3007518796992481,0.16129032258064516,1.0,1.5426404375951137
1452,florewi01,2016,NYN,Wilmer,Flores,103.0,82.0,307.0,16.0,49.0,1.0,38.0,14.0,0.0,1.0,23.0,48.0,0.0,2.0,0.0,3,0.0,0.0,27.0,18.0,51.0,8.0,0.0,0.0,0.0,0.0,0.0,3b,"['1b', '2b', '3b']",0.2671009771986971,0.3194029850746269,52.0,0.46905537459283386,0.7884583596674608,0.4006514657980456,0.3404255319148936,0.3089430894308943,0.3684210526315789,0.016129032258064516,1.0,1.434570172033477
4296,schimry01,2016,SDN,Ryan,Schimpf,89.0,60.0,276.0,20.0,51.0,1.0,48.0,17.0,5.0,1.0,42.0,105.0,3.0,9.0,0.0,3,0.0,0.0,0.0,68.0,14.0,0.0,1.0,0.0,0.0,1.0,0.0,2b,"['2b', '3b']",0.21739130434782608,0.33636363636363636,18.0,0.532608695652174,0.8689723320158103,0.32608695652173914,0.425531914893617,0.3902439024390244,0.38345864661654133,0.016129032258064516,0.9136,1.408269133613202
1774,gordode01,2016,MIA,Dee,Gordon,79.0,87.0,325.0,1.0,14.0,30.0,47.0,7.0,6.0,7.0,18.0,55.0,1.0,0.0,1.0,1,0.0,0.0,0.0,78.0,0.0,0.0,0.0,0.0,0.0,0.0,0.0,2b,['2b'],0.2676923076923077,0.30523255813953487,73.0,0.3353846153846154,0.6406171735241503,0.4015384615384615,0.02127659574468085,0.3821138211382114,0.10526315789473684,0.4838709677419355,1.0,1.394063004058026
4170,saladty01,2016,CHA,Tyler,Saladino,93.0,84.0,298.0,8.0,38.0,11.0,33.0,14.0,0.0,5.0,13.0,62.0,0.0,3.0,2.0,3,0.0,0.0,2.0,41.0,10.0,32.0,1.0,1.0,1.0,3.0,2.0,2b,"['2b', '3b', 'ss']",0.28187919463087246,0.31545741324921134,62.0,0.40939597315436244,0.7248533864035738,0.4228187919463087,0.1702127659574468,0.2682926829268293,0.2857142857142857,0.1774193548387097,0.9928,1.3149217846376184
2580,lawribr01,2016,CHA,Brett,Lawrie,94.0,87.0,351.0,12.0,36.0,7.0,35.0,22.0,0.0,3.0,30.0,109.0,2.0,2.0,0.0,1,0.0,0.0,0.0,92.0,0.0,0.0,0.0,0.0,0.0,0.0,2.0,2b,['2b'],0.24786324786324787,0.3098958333333333,53.0,0.4131054131054131,0.7230012464387464,0.3717948717948718,0.2553191489361702,0.2845528455284553,0.2706766917293233,0.11290322580645161,1.0,1.2952467837952724
1166,dietrde01,2016,MIA,Derek,Dietrich,128.0,98.0,351.0,7.0,42.0,1.0,39.0,20.0,5.0,0.0,32.0,84.0,2.0,24.0,0.0,5,0.0,0.0,16.0,75.0,13.0,0.0,8.0,0.0,0.0,8.0,0.0,2b,"['1b', '2b', '3b']",0.2792022792022792,0.3737864077669903,66.0,0.42450142450142453,0.7982878322684148,0.4188034188034188,0.14893617021276595,0.3170731707317073,0.3157894736842105,0.016129032258064516,1.0,1.2167312656901672
3602,peterja01,2016,ATL,Jace,Peterson,115.0,89.0,350.0,7.0,29.0,5.0,45.0,16.0,1.0,5.0,52.0,69.0,2.0,1.0,2.0,3,0.0,0.0,0.0,87.0,1.0,0.0,15.0,1.0,0.0,16.0,0.0,2b,"['2b', 'lf', 'of']",0.2542857142857143,0.3497536945812808,65.0,0.3657142857142857,0.7154679802955666,0.38142857142857145,0.14893617021276595,0.36585365853658536,0.21804511278195488,0.08064516129032258,1.0,1.1949086742502004
1655,giavojo01,2016,LAA,Johnny,Giavotella,99.0,90.0,346.0,6.0,31.0,4.0,44.0,20.0,1.0,3.0,13.0,39.0,0.0,1.0,4.0,3,0.0,0.0,0.0,97.0,0.0,0.0,0.0,0.0,0.0,0.0,0.0,2b,['2b'],0.26011560693641617,0.2865013774104683,63.0,0.37572254335260113,0.6622239207630695,0.3901734104046243,0.1276595744680851,0.35772357723577236,0.23308270676691728,0.06451612903225806,1.0,1.173155397907657
2995,merriwh01,2016,KCA,Whit,Merrifield,81.0,88.0,311.0,2.0,29.0,8.0,44.0,22.0,3.0,3.0,19.0,72.0,1.0,0.0,1.0,1,0.0,0.0,1.0,65.0,5.0,0.0,13.0,0.0,4.0,16.0,1.0,2b,"['2b', 'lf', 'of']",0.2829581993569132,0.32326283987915405,61.0,0.39228295819935693,0.7155457980785109,0.4244372990353698,0.0425531914893617,0.35772357723577236,0.21804511278195488,0.12903225806451613,1.0,1.171791438606975
2349,johnske05,2016,NYN,Kelly,Johnson,131.0,75.0,304.0,10.0,34.0,4.0,25.0,14.0,0.0,0.0,25.0,65.0,2.0,2.0,0.0,1,0.0,0.0,3.0,52.0,21.0,1.0,15.0,0.0,0.0,15.0,0.0,2b,"['2b', '3b', 'lf', 'of']",0.24671052631578946,0.3072289156626506,51.0,0.39144736842105265,0.6986762840837033,0.37006578947368424,0.2127659574468085,0.2032520325203252,0.2556390977443609,0.06451612903225806,1.0,1.106239006217437
5041,wongko01,2016,SLN,Kolten,Wong,121.0,75.0,313.0,5.0,23.0,7.0,39.0,7.0,7.0,0.0,34.0,52.0,2.0,9.0,0.0,5,0.0,0.0,0.0,88.0,0.0,0.0,6.0,8.0,4.0,16.0,0.0,2b,"['2b', 'of']",0.23961661341853036,0.3268698060941828,56.0,0.3546325878594249,0.6815023939536078,0.35942492012779553,0.10638297872340426,0.3170731707317073,0.17293233082706766,0.11290322580645161,1.0,1.0687166262164265
3562,perazjo01,2016,CIN,Jose,Peraza,72.0,78.0,241.0,3.0,25.0,21.0,25.0,8.0,2.0,10.0,7.0,33.0,0.0,5.0,0.0,3,0.0,0.0,0.0,12.0,0.0,31.0,8.0,13.0,0.0,21.0,1.0,ss,"['2b', 'ss', 'cf', 'of']",0.3236514522821577,0.3515625,65.0,0.4107883817427386,0.7623508817427386,0.48547717842323657,0.06382978723404255,0.2032520325203252,0.18796992481203006,0.3387096774193548,0.7876000000000001,1.0075283216821198
1112,descada01,2016,COL,Daniel,Descalso,99.0,66.0,250.0,8.0,38.0,3.0,38.0,12.0,2.0,0.0,34.0,56.0,3.0,1.0,0.0,4,0.0,0.0,16.0,14.0,4.0,31.0,7.0,0.0,0.0,7.0,4.0,ss,"['1b', '2b', 'ss']",0.264,0.3494809688581315,44.0,0.424,0.7734809688581314,0.396,0.1702127659574468,0.3089430894308943,0.2857142857142857,0.04838709677419355,0.82,0.9915909350589928
2108,hillaa01,2016,MIL,Aaron,Hill,78.0,72.0,254.0,8.0,29.0,4.0,34.0,11.0,0.0,2.0,30.0,43.0,0.0,2.0,0.0,4,0.0,0.0,0.0,24.0,103.0,0.0,0.0,0.0,0.0,0.0,1.0,3b,"['2b', '3b']",0.28346456692913385,0.3586206896551724,53.0,0.421259842519685,0.7798805321748574,0.4251968503937008,0.1702127659574468,0.2764227642276423,0.21804511278195488,0.06451612903225806,0.8344,0.9632260385247214
2723,lowrije01,2016,OAK,Jed,Lowrie,87.0,89.0,338.0,2.0,27.0,0.0,30.0,12.0,1.0,0.0,26.0,65.0,0.0,1.0,0.0,4,0.0,0.0,0.0,82.0,0.0,2.0,0.0,0.0,0.0,0.0,5.0,2b,['2b'],0.26331360946745563,0.3143631436314363,74.0,0.3224852071005917,0.636848350732028,0.39497041420118345,0.0425531914893617,0.24390243902439024,0.20300751879699247,0.0,1.0,0.8844335635119278
245,barneda01,2016,TOR,Darwin,Barney,104.0,75.0,279.0,4.0,19.0,2.0,35.0,13.0,2.0,2.0,22.0,48.0,1.0,1.0,2.0,2,1.0,0.0,0.0,40.0,32.0,25.0,5.0,0.0,0.0,5.0,0.0,2b,"['2b', '3b', 'ss']",0.26881720430107525,0.3223684210526316,56.0,0.3727598566308244,0.695128277683456,0.4032258064516129,0.0851063829787234,0.2845528455284553,0.14285714285714285,0.03225806451612903,0.9244,0.8763314240117593
4068,rosalad01,2016,SDN,Adam,Rosales,105.0,49.0,214.0,13.0,35.0,4.0,37.0,12.0,3.0,0.0,29.0,88.0,2.0,1.0,0.0,4,0.0,0.0,1.0,36.0,41.0,15.0,2.0,0.0,1.0,3.0,1.0,3b,"['2b', '3b', 'ss']",0.22897196261682243,0.3185483870967742,21.0,0.4953271028037383,0.8138754899005125,0.34345794392523366,0.2765957446808511,0.3008130081300813,0.2631578947368421,0.06451612903225806,0.6904,0.8619925134368357
3734,profaju01,2016,TEX,Jurickson,Profar,90.0,65.0,272.0,5.0,20.0,2.0,35.0,6.0,3.0,1.0,30.0,61.0,0.0,3.0,2.0,0,0.0,0.0,17.0,19.0,25.0,11.0,14.0,0.0,0.0,14.0,6.0,3b,"['1b', '2b', '3b', 'ss', 'lf', 'of']",0.23897058823529413,0.32131147540983607,51.0,0.3382352941176471,0.6595467695274831,0.35845588235294124,0.10638297872340426,0.2845528455284553,0.15037593984962405,0.03225806451612903,0.8992,0.838077519304722
3487,pearcst01,2016,TBA,Steve,Pearce,60.0,63.0,204.0,10.0,29.0,0.0,26.0,11.0,1.0,3.0,26.0,40.0,2.0,1.0,0.0,1,0.0,0.0,40.0,15.0,2.0,0.0,7.0,0.0,6.0,12.0,13.0,1b,"['1b', '2b', 'of', 'dh']",0.3088235294117647,0.3879310344827586,41.0,0.5196078431372549,0.9075388776200135,0.4632352941176471,0.2127659574468085,0.21138211382113822,0.21804511278195488,0.0,0.6544,0.7233923961128438
288,beckhgo01,2016,SFN,Gordon,Beckham,85.0,52.0,240.0,5.0,30.0,1.0,25.0,16.0,1.0,0.0,26.0,50.0,1.0,4.0,0.0,3,0.0,0.0,0.0,51.0,18.0,11.0,0.0,0.0,0.0,0.0,0.0,2b,"['2b', '3b', 'ss']",0.21666666666666667,0.30036630036630035,30.0,0.3541666666666667,0.654532967032967,0.325,0.10638297872340426,0.2032520325203252,0.22556390977443608,0.016129032258064516,0.784,0.6870411153685644
1010,darnach01,2016,ATL,Chase,d'Arnaud,84.0,57.0,233.0,1.0,21.0,9.0,24.0,14.0,2.0,3.0,23.0,50.0,1.0,3.0,0.0,3,0.0,0.0,0.0,10.0,19.0,21.0,8.0,4.0,1.0,13.0,0.0,ss,"['2b', '3b', 'ss', 'of']",0.2446351931330472,0.31679389312977096,40.0,0.33476394849785407,0.6515578416276251,0.36695278969957085,0.02127659574468085,0.1951219512195122,0.15789473684210525,0.14516129032258066,0.7588,0.6726059076730277
1572,garcigr01,2016,SLN,Greg,Garcia,99.0,59.0,214.0,3.0,17.0,1.0,33.0,11.0,0.0,1.0,38.0,50.0,4.0,4.0,0.0,1,0.0,0.0,0.0,26.0,31.0,30.0,0.0,0.0,0.0,0.0,0.0,3b,"['2b', '3b', 'ss']",0.2757009345794392,0.39299610894941633,45.0,0.3691588785046729,0.7621549874540892,0.41355140186915884,0.06382978723404255,0.2682926829268293,0.12781954887218044,0.016129032258064516,0.6904,0.6141953416618543
1797,gosseph01,2016,ARI,Philip,Gosselin,122.0,61.0,220.0,2.0,13.0,3.0,26.0,12.0,1.0,0.0,15.0,46.0,0.0,1.0,2.0,2,0.0,0.0,6.0,35.0,10.0,0.0,2.0,0.0,1.0,3.0,1.0,2b,"['2b', '3b']",0.2772727272727273,0.3235294117647059,46.0,0.36818181818181817,0.691711229946524,0.41590909090909095,0.0425531914893617,0.21138211382113822,0.09774436090225563,0.04838709677419355,0.712,0.5809748079739805
2054,hernaen02,2016,LAN,Enrique,Hernandez,109.0,41.0,216.0,7.0,18.0,2.0,25.0,8.0,0.0,0.0,28.0,64.0,1.0,0.0,0.0,0,0.0,0.0,0.0,11.0,5.0,2.0,41.0,22.0,7.0,62.0,1.0,of,"['2b', 'lf', 'cf', 'of']",0.18981481481481483,0.2827868852459016,26.0,0.32407407407407407,0.6068609593199756,0.28472222222222227,0.14893617021276595,0.2032520325203252,0.13533834586466165,0.03225806451612903,0.6976,0.5612239683304662
1073,dejesiv02,2016,CIN,Ivan,De Jesus,104.0,56.0,221.0,1.0,20.0,3.0,21.0,10.0,0.0,1.0,17.0,51.0,1.0,2.0,2.0,1,0.0,0.0,12.0,22.0,14.0,30.0,1.0,0.0,0.0,1.0,0.0,ss,"['1b', '2b', '3b', 'ss']",0.25339366515837103,0.3112033195020747,45.0,0.31221719457013575,0.6234205140722104,0.38009049773755654,0.02127659574468085,0.17073170731707318,0.15037593984962405,0.04838709677419355,0.7156,0.5516287308599905
3354,omallsh01,2016,SEA,Shawn,O'Malley,89.0,48.0,210.0,2.0,17.0,6.0,24.0,9.0,2.0,2.0,18.0,59.0,0.0,3.0,1.0,0,0.0,0.0,0.0,12.0,7.0,36.0,15.0,5.0,19.0,34.0,1.0,ss,"['2b', 'ss', 'lf', 'rf', 'of']",0.22857142857142856,0.2987012987012987,35.0,0.319047619047619,0.6177489177489177,0.34285714285714286,0.0425531914893617,0.1951219512195122,0.12781954887218044,0.0967741935483871,0.676,0.544265194918931
21,adamecr01,2016,COL,Cristhian,Adames,121.0,49.0,225.0,2.0,17.0,2.0,25.0,7.0,3.0,3.0,24.0,47.0,0.0,4.0,3.0,0,0.0,0.0,0.0,11.0,11.0,47.0,0.0,0.0,0.0,0.0,0.0,ss,"['2b', '3b', 'ss']",0.21777777777777776,0.30434782608695654,37.0,0.3022222222222222,0.6065700483091787,0.32666666666666666,0.0425531914893617,0.2032520325203252,0.12781954887218044,0.03225806451612903,0.7300000000000001,0.534761137967204
291,beckhti01,2016,TBA,Tim,Beckham,64.0,49.0,198.0,5.0,16.0,2.0,25.0,12.0,5.0,1.0,14.0,67.0,0.0,1.0,2.0,0,0.0,0.0,6.0,19.0,7.0,25.0,0.0,0.0,0.0,0.0,3.0,ss,"['2b', 'ss']",0.2474747474747475,0.3004694835680751,27.0,0.43434343434343436,0.7348129179115095,0.37121212121212127,0.10638297872340426,0.2032520325203252,0.12030075187969924,0.03225806451612903,0.6328,0.5273792844333425
362,blancan01,2016,PHI,Andres,Blanco,90.0,48.0,190.0,4.0,21.0,2.0,26.0,15.0,1.0,3.0,11.0,41.0,0.0,7.0,0.0,1,0.0,0.0,19.0,20.0,21.0,10.0,1.0,0.0,0.0,1.0,0.0,3b,"['1b', '2b', '3b', 'ss']",0.25263157894736843,0.3157894736842105,28.0,0.4052631578947368,0.7210526315789474,0.37894736842105264,0.0851063829787234,0.21138211382113822,0.15789473684210525,0.03225806451612903,0.604,0.5228155546138057
3605,petitgr01,2016,LAA,Gregorio,Petit,89.0,50.0,204.0,2.0,17.0,1.0,21.0,13.0,1.0,1.0,15.0,51.0,1.0,1.0,2.0,1,0.0,0.0,0.0,50.0,10.0,32.0,6.0,0.0,1.0,7.0,3.0,2b,"['2b', '3b', 'ss']",0.24509803921568626,0.2986425339366516,34.0,0.3480392156862745,0.646681749622926,0.36764705882352944,0.0425531914893617,0.17073170731707318,0.12781954887218044,0.016129032258064516,0.6544,0.47436182456468096
4019,rojasmi02,2016,MIA,Miguel,Rojas,123.0,48.0,194.0,1.0,14.0,2.0,27.0,12.0,0.0,1.0,11.0,27.0,2.0,1.0,6.0,2,0.0,0.0,41.0,45.0,16.0,33.0,0.0,0.0,0.0,0.0,0.0,2b,"['1b', '2b', '3b', 'ss']",0.24742268041237114,0.28846153846153844,35.0,0.3247422680412371,0.6132038065027756,0.3711340206185567,0.02127659574468085,0.21951219512195122,0.10526315789473684,0.03225806451612903,0.6184,0.46345619056132015
4039,rominan01,2016,DET,Andrew,Romine,109.0,41.0,174.0,2.0,16.0,8.0,21.0,5.0,2.0,0.0,13.0,38.0,0.0,4.0,3.0,0,1.0,0.0,20.0,12.0,44.0,14.0,1.0,22.0,2.0,25.0,4.0,3b,"['1b', '2b', '3b', 'ss', 'cf', 'of']",0.23563218390804597,0.3036649214659686,32.0,0.3218390804597701,0.6255040019257387,0.35344827586206895,0.0425531914893617,0.17073170731707318,0.12030075187969924,0.12903225806451613,0.5464,0.44589856327238975
1209,drewst01,2016,WAS,Stephen,Drew,70.0,38.0,143.0,8.0,21.0,0.0,24.0,11.0,1.0,1.0,16.0,31.0,0.0,2.0,0.0,4,0.0,0.0,0.0,21.0,12.0,12.0,0.0,0.0,0.0,0.0,1.0,2b,"['2b', '3b', 'ss']",0.26573426573426573,0.3393939393939394,18.0,0.5244755244755245,0.863869463869464,0.3986013986013986,0.1702127659574468,0.1951219512195122,0.15789473684210525,0.0,0.4348000000000001,0.4008120547193773
1504,fraziad01,2016,PIT,Adam,Frazier,66.0,44.0,146.0,2.0,11.0,4.0,21.0,8.0,1.0,1.0,12.0,26.0,0.0,1.0,0.0,1,0.0,0.0,0.0,17.0,5.0,0.0,20.0,1.0,16.0,35.0,0.0,of,"['2b', 'lf', 'rf', 'of']",0.3013698630136986,0.35625,33.0,0.410958904109589,0.7672089041095891,0.4520547945205479,0.0425531914893617,0.17073170731707318,0.08270676691729323,0.06451612903225806,0.4456,0.3620778897816236
3539,pennicl01,2016,LAA,Cliff,Pennington,74.0,36.0,172.0,3.0,10.0,1.0,18.0,4.0,2.0,0.0,13.0,55.0,0.0,0.0,3.0,0,0.0,0.0,3.0,58.0,1.0,17.0,0.0,0.0,0.0,0.0,1.0,2b,"['2b', 'ss']",0.20930232558139536,0.2648648648648649,27.0,0.3081395348837209,0.5730043997485859,0.3139534883720931,0.06382978723404255,0.14634146341463414,0.07518796992481203,0.016129032258064516,0.5392,0.3318461868570061
4702,torrero01,2016,NYA,Ronald,Torreyes,72.0,40.0,155.0,1.0,12.0,2.0,20.0,7.0,4.0,1.0,10.0,20.0,0.0,1.0,1.0,1,0.0,0.0,0.0,14.0,34.0,15.0,0.0,0.0,2.0,2.0,4.0,3b,"['2b', '3b', 'ss']",0.25806451612903225,0.30538922155688625,28.0,0.3741935483870968,0.679582769943983,0.3870967741935484,0.02127659574468085,0.16260162601626016,0.09022556390977443,0.03225806451612903,0.478,0.33147322245382776
4215,sanchca01,2016,CHA,Carlos,Sanchez,53.0,32.0,154.0,4.0,21.0,0.0,15.0,9.0,1.0,1.0,5.0,42.0,0.0,1.0,2.0,1,0.0,0.0,0.0,33.0,6.0,4.0,0.0,0.0,0.0,0.0,3.0,2b,['2b'],0.2077922077922078,0.2360248447204969,18.0,0.35714285714285715,0.5931677018633541,0.31168831168831174,0.0851063829787234,0.12195121951219512,0.15789473684210525,0.0,0.47440000000000004,0.3209983248445216
1701,goinsry01,2016,TOR,Ryan,Goins,77.0,34.0,183.0,3.0,12.0,1.0,13.0,9.0,2.0,1.0,9.0,48.0,0.0,1.0,3.0,0,1.0,0.0,2.0,37.0,6.0,28.0,2.0,0.0,1.0,3.0,1.0,2b,"['2b', 'ss']",0.18579234972677597,0.22797927461139897,20.0,0.30601092896174864,0.5339902035731476,0.27868852459016397,0.06382978723404255,0.10569105691056911,0.09022556390977443,0.016129032258064516,0.5788000000000001,0.32098162288563337
114,amarial01,2016,SDN,Alexi,Amarista,65.0,36.0,140.0,0.0,11.0,9.0,9.0,2.0,0.0,2.0,8.0,26.0,2.0,0.0,1.0,1,1.0,0.0,0.0,28.0,5.0,12.0,5.0,0.0,5.0,10.0,0.0,2b,"['2b', 'ss', 'of']",0.2571428571428571,0.2953020134228188,34.0,0.2714285714285714,0.5667305848513902,0.3857142857142857,0.0,0.07317073170731707,0.08270676691729323,0.14516129032258066,0.42400000000000004,0.2911833036564661
199,avilemi01,2016,DET,Mike,Aviles,68.0,35.0,167.0,1.0,6.0,2.0,17.0,5.0,1.0,2.0,9.0,27.0,0.0,2.0,3.0,0,0.0,0.0,0.0,10.0,9.0,6.0,8.0,1.0,32.0,39.0,1.0,of,"['2b', 'rf', 'of']",0.20958083832335328,0.25842696629213485,28.0,0.2694610778443114,0.5278880441364462,0.3143712574850299,0.02127659574468085,0.13821138211382114,0.045112781954887216,0.03225806451612903,0.5212,0.28730111864174246
3054,mondera02,2016,KCA,Raul,Mondesi,47.0,25.0,135.0,2.0,13.0,9.0,16.0,1.0,3.0,1.0,6.0,48.0,0.0,2.0,6.0,0,0.0,0.0,0.0,42.0,0.0,7.0,0.0,0.0,0.0,0.0,0.0,2b,['2b'],0.18518518518518517,0.23076923076923078,19.0,0.2814814814814815,0.5122507122507123,0.2777777777777778,0.0425531914893617,0.13008130081300814,0.09774436090225563,0.14516129032258066,0.406,0.2814870760498235
851,coghlch01,2016,OAK,Chris,Coghlan,51.0,23.0,158.0,5.0,14.0,1.0,14.0,5.0,0.0,1.0,13.0,47.0,1.0,1.0,0.0,0,0.0,0.0,6.0,20.0,18.0,0.0,29.0,0.0,18.0,46.0,2.0,of,"['2b', '3b', 'lf', 'rf', 'of']",0.14556962025316456,0.21511627906976744,13.0,0.2721518987341772,0.48726817780394466,0.21835443037974683,0.10638297872340426,0.11382113821138211,0.10526315789473684,0.016129032258064516,0.4888,0.2737039204740331
896,colonch01,2016,KCA,Christian,Colon,54.0,34.0,147.0,1.0,13.0,0.0,13.0,6.0,0.0,1.0,11.0,31.0,0.0,2.0,1.0,0,0.0,0.0,0.0,32.0,15.0,4.0,0.0,0.0,0.0,0.0,1.0,2b,"['2b', '3b']",0.23129251700680273,0.29375,27.0,0.2925170068027211,0.5862670068027211,0.34693877551020413,0.02127659574468085,0.10569105691056911,0.09774436090225563,0.0,0.44920000000000004,0.25678553444921526
2244,infanom01,2016,KCA,Omar,Infante,39.0,32.0,134.0,0.0,11.0,0.0,16.0,9.0,1.0,0.0,9.0,23.0,0.0,0.0,2.0,4,0.0,0.0,0.0,39.0,0.0,0.0,0.0,0.0,0.0,0.0,0.0,2b,['2b'],0.23880597014925373,0.2789115646258503,22.0,0.3208955223880597,0.5998070870139101,0.35820895522388063,0.0,0.13008130081300814,0.08270676691729323,0.0,0.4024000000000001,0.22976920203676288
3938,rivertj01,2016,NYN,T. J.,Rivera,33.0,35.0,105.0,3.0,16.0,0.0,10.0,4.0,1.0,0.0,3.0,17.0,0.0,1.0,0.0,4,0.0,0.0,1.0,26.0,9.0,0.0,0.0,0.0,0.0,0.0,0.0,2b,['2b'],0.3333333333333333,0.34513274336283184,27.0,0.47619047619047616,0.821323219553308,0.5,0.06382978723404255,0.08130081300813008,0.12030075187969924,0.0,0.29800000000000004,0.22809854293231785
852,coghlch01,2016,OAK,Chris,Coghlan,48.0,26.0,103.0,1.0,16.0,1.0,21.0,7.0,2.0,0.0,22.0,26.0,2.0,2.0,0.0,1,0.0,0.0,6.0,20.0,18.0,0.0,29.0,0.0,18.0,46.0,2.0,of,"['2b', '3b', 'lf', 'rf', 'of']",0.2524271844660194,0.390625,16.0,0.3883495145631068,0.7789745145631068,0.3786407766990291,0.02127659574468085,0.17073170731707318,0.12030075187969924,0.016129032258064516,0.29080000000000006,0.2056185336216975
4690,tomlike01,2016,SFN,Kelby,Tomlinson,52.0,31.0,106.0,0.0,6.0,5.0,13.0,4.0,0.0,1.0,12.0,18.0,1.0,1.0,1.0,0,0.0,0.0,0.0,19.0,3.0,7.0,3.0,0.0,0.0,3.0,0.0,2b,['2b'],0.29245283018867924,0.3697478991596639,27.0,0.330188679245283,0.6999365784049469,0.4386792452830189,0.0,0.10569105691056911,0.045112781954887216,0.08064516129032258,0.30160000000000003,0.20211067882434144
2107,hillaa01,2016,MIL,Aaron,Hill,47.0,27.0,124.0,2.0,9.0,0.0,14.0,3.0,0.0,0.0,11.0,16.0,2.0,1.0,0.0,0,0.0,0.0,0.0,24.0,103.0,0.0,0.0,0.0,0.0,0.0,1.0,3b,"['2b', '3b']",0.21774193548387097,0.2867647058823529,22.0,0.2903225806451613,0.5770872865275143,0.3266129032258065,0.0425531914893617,0.11382113821138211,0.06766917293233082,0.0,0.36640000000000006,0.20176050710669408
702,castrda01,2016,ATL,Daniel,Castro,47.0,26.0,130.0,0.0,7.0,1.0,8.0,1.0,0.0,1.0,7.0,24.0,1.0,0.0,2.0,0,0.0,0.0,0.0,16.0,9.0,20.0,0.0,0.0,0.0,0.0,0.0,ss,"['2b', 'ss']",0.2,0.24087591240875914,25.0,0.2076923076923077,0.44856822010106684,0.30000000000000004,0.0,0.06504065040650407,0.05263157894736842,0.016129032258064516,0.388,0.16831488950543158
4968,wendljo01,2016,OAK,Joey,Wendle,28.0,25.0,96.0,1.0,11.0,2.0,11.0,1.0,0.0,0.0,6.0,16.0,0.0,0.0,0.0,2,0.0,0.0,0.0,28.0,0.0,0.0,0.0,0.0,0.0,0.0,0.0,2b,['2b'],0.2604166666666667,0.2980769230769231,23.0,0.3020833333333333,0.6001602564102564,0.39062500000000006,0.02127659574468085,0.08943089430894309,0.08270676691729323,0.03225806451612903,0.2656,0.1636885685869595
3172,muncyma01,2016,OAK,Max,Muncy,51.0,21.0,113.0,2.0,8.0,0.0,13.0,2.0,0.0,0.0,20.0,24.0,1.0,0.0,0.0,0,0.0,0.0,0.0,21.0,1.0,0.0,4.0,0.0,17.0,21.0,3.0,2b,"['2b', 'rf', 'of']",0.18584070796460178,0.3082706766917293,17.0,0.25663716814159293,0.5649078448333222,0.2787610619469027,0.0425531914893617,0.10569105691056911,0.06015037593984962,0.0,0.3268,0.15920247827848805
2844,martimi02,2016,CLE,Michael,Martinez,63.0,24.0,101.0,1.0,4.0,0.0,16.0,4.0,0.0,2.0,4.0,23.0,0.0,0.0,1.0,0,0.0,0.0,0.0,21.0,2.0,6.0,9.0,11.0,11.0,29.0,4.0,of,"['2b', 'cf', 'rf', 'of']",0.2376237623762376,0.26666666666666666,19.0,0.3069306930693069,0.5735973597359736,0.3564356435643564,0.02127659574468085,0.13008130081300814,0.03007518796992481,0.0,0.2836,0.15253957128688278
3525,penara02,2016,SFN,Ramiro,Pena,30.0,26.0,87.0,1.0,10.0,0.0,9.0,6.0,1.0,0.0,2.0,16.0,1.0,2.0,0.0,0,0.0,0.0,0.0,17.0,12.0,4.0,0.0,0.0,0.0,0.0,0.0,2b,"['2b', '3b']",0.2988505747126437,0.32967032967032966,18.0,0.42528735632183906,0.7549576859921687,0.4482758620689656,0.02127659574468085,0.07317073170731707,0.07518796992481203,0.0,0.23320000000000002,0.14409688238275487
989,culbech01,2016,LAN,Charlie,Culberson,34.0,20.0,67.0,1.0,7.0,1.0,6.0,3.0,0.0,0.0,1.0,13.0,0.0,0.0,0.0,0,0.0,0.0,0.0,10.0,4.0,11.0,2.0,0.0,0.0,2.0,0.0,ss,"['2b', 'ss']",0.29850746268656714,0.3088235294117647,16.0,0.3880597014925373,0.696883230904302,0.4477611940298507,0.02127659574468085,0.04878048780487805,0.05263157894736842,0.016129032258064516,0.1612,0.09455651687211662
927,cowarka01,2016,LAA,Kaleb,Cowart,31.0,15.0,85.0,1.0,8.0,0.0,8.0,4.0,0.0,0.0,0.0,23.0,0.0,1.0,0.0,1,0.0,0.0,1.0,15.0,21.0,0.0,0.0,0.0,0.0,0.0,0.0,3b,"['2b', '3b']",0.17647058823529413,0.1839080459770115,10.0,0.25882352941176473,0.4427315753887762,0.26470588235294124,0.02127659574468085,0.06504065040650407,0.06015037593984962,0.0,0.226,0.09292521200433852
3940,riverya01,2016,MIL,Yadiel,Rivera,35.0,14.0,66.0,0.0,3.0,0.0,12.0,4.0,0.0,0.0,2.0,20.0,0.0,0.0,3.0,0,0.0,0.0,0.0,13.0,15.0,5.0,0.0,0.0,0.0,0.0,0.0,3b,"['2b', '3b']",0.21212121212121213,0.23529411764705882,10.0,0.2727272727272727,0.5080213903743316,0.31818181818181823,0.0,0.0975609756097561,0.022556390977443608,0.0,0.15760000000000002,0.06907595151959724
3486,pearcst01,2016,TBA,Steve,Pearce,25.0,13.0,60.0,3.0,6.0,0.0,9.0,2.0,0.0,0.0,8.0,14.0,0.0,2.0,0.0,0,0.0,0.0,40.0,15.0,2.0,0.0,7.0,0.0,6.0,12.0,13.0,1b,"['1b', '2b', 'of', 'dh']",0.21666666666666667,0.32857142857142857,8.0,0.4,0.7285714285714286,0.325,0.06382978723404255,0.07317073170731707,0.045112781954887216,0.0,0.136,0.06896740892188957
2064,hernama02,2016,BOS,Marco,Hernandez,40.0,15.0,51.0,1.0,5.0,1.0,11.0,1.0,0.0,0.0,5.0,10.0,0.0,0.0,0.0,0,0.0,0.0,0.0,14.0,10.0,2.0,0.0,0.0,0.0,0.0,2.0,2b,"['2b', '3b']",0.29411764705882354,0.35714285714285715,13.0,0.37254901960784315,0.7296918767507004,0.44117647058823534,0.02127659574468085,0.08943089430894309,0.03759398496240601,0.016129032258064516,0.10360000000000001,0.06274088290653738
2397,kawasmu01,2016,CHN,Munenori,Kawasaki,14.0,7.0,21.0,0.0,1.0,2.0,3.0,2.0,0.0,0.0,4.0,5.0,0.0,1.0,0.0,0,0.0,0.0,0.0,10.0,1.0,0.0,0.0,0.0,0.0,0.0,0.0,2b,['2b'],0.3333333333333333,0.46153846153846156,5.0,0.42857142857142855,0.8901098901098901,0.5,0.0,0.024390243902439025,0.007518796992481203,0.03225806451612903,0.1,0.056416710541104934
1830,greengr01,2016,SFN,Grant,Green,18.0,12.0,46.0,1.0,7.0,0.0,7.0,2.0,0.0,0.0,3.0,8.0,0.0,0.0,0.0,1,0.0,0.0,0.0,15.0,0.0,0.0,0.0,0.0,0.0,0.0,0.0,2b,['2b'],0.2608695652173913,0.3,9.0,0.3695652173913043,0.6695652173913043,0.391304347826087,0.02127659574468085,0.056910569105691054,0.05263157894736842,0.0,0.1,0.05221230916238273
4486,spangco01,2016,SDN,Cory,Spangenberg,14.0,11.0,48.0,1.0,8.0,1.0,6.0,1.0,1.0,0.0,4.0,13.0,0.0,1.0,0.0,0,0.0,0.0,0.0,13.0,0.0,0.0,0.0,0.0,0.0,0.0,0.0,2b,['2b'],0.22916666666666666,0.3018867924528302,8.0,0.3541666666666667,0.6560534591194969,0.34375,0.02127659574468085,0.04878048780487805,0.06015037593984962,0.016129032258064516,0.1,0.04900864917474731
3653,pindech01,2016,OAK,Chad,Pinder,22.0,12.0,51.0,1.0,4.0,0.0,4.0,4.0,0.0,0.0,3.0,14.0,0.0,0.0,0.0,1,0.0,0.0,0.0,13.0,0.0,7.0,0.0,0.0,0.0,0.0,2.0,2b,['2b'],0.23529411764705882,0.2727272727272727,7.0,0.37254901960784315,0.6452762923351159,0.35294117647058826,0.02127659574468085,0.032520325203252036,0.03007518796992481,0.0,0.10360000000000001,0.045253856366243
4960,weeksje01,2016,SDN,Jemile,Weeks,17.0,7.0,50.0,0.0,2.0,1.0,5.0,1.0,1.0,0.0,3.0,14.0,0.0,1.0,3.0,0,0.0,0.0,0.0,17.0,1.0,0.0,0.0,0.0,0.0,0.0,0.0,2b,['2b'],0.14,0.2037037037037037,5.0,0.2,0.4037037037037037,0.21000000000000002,0.0,0.04065040650406504,0.015037593984962405,0.016129032258064516,0.1,0.0281817032747092
3663,pireljo01,2016,SDN,Jose,Pirela,15.0,6.0,39.0,0.0,0.0,0.0,2.0,2.0,0.0,1.0,1.0,9.0,0.0,0.0,1.0,0,0.0,0.0,0.0,12.0,0.0,0.0,0.0,0.0,1.0,1.0,0.0,2b,['2b'],0.15384615384615385,0.175,4.0,0.20512820512820512,0.3801282051282051,0.23076923076923078,0.0,0.016260162601626018,0.0,0.0,0.1,0.024702939337085682
2542,ladenty01,2016,OAK,Tyler,Ladendorf,45.0,4.0,48.0,0.0,1.0,2.0,6.0,0.0,0.0,0.0,1.0,13.0,0.0,0.0,1.0,0,1.0,0.0,0.0,30.0,3.0,0.0,0.0,1.0,1.0,2.0,1.0,2b,['2b'],0.08333333333333333,0.10204081632653061,4.0,0.08333333333333333,0.18537414965986393,0.125,0.0,0.04878048780487805,0.007518796992481203,0.03225806451612903,0.1,0.021355734931348833
287,beckhgo01,2016,SFN,Gordon,Beckham,3.0,0.0,5.0,0.0,1.0,0.0,0.0,0.0,0.0,0.0,0.0,2.0,0.0,0.0,0.0,1,0.0,0.0,0.0,51.0,18.0,11.0,0.0,0.0,0.0,0.0,0.0,2b,"['2b', '3b', 'ss']",0.0,0.0,0.0,0.0,0.0,0.0,0.0,0.0,0.007518796992481203,0.0,0.1,0.0007518796992481203
